order	id	original_path	width	height	bytes	sha256
1	bh_ref_01_rust_harbor_v01	art/reference/originals/bh_ref_01_rust_harbor_v01.png	1672	941	2521179	7248fae088689e53a71d5130c7abfe8da36ee7df0347e5cc58c11078b6870a17
2	bh_ref_02_salty_keg_v01	art/reference/originals/bh_ref_02_salty_keg_v01.png	1672	941	2346129	8cb10e43bc68702787893599c9d923720e4243ff2b6f03d543039f85f4478084
3	bh_ref_03_guild_hall_v01	art/reference/originals/bh_ref_03_guild_hall_v01.png	1672	941	2278570	4ecd12d105dd849d8450a037fc61a8c6e4c6546bdf43c4c7ac26de8d5fce6c20
4	bh_ref_04_living_deck_v01	art/reference/originals/bh_ref_04_living_deck_v01.png	1672	941	2557585	a06a8d7bd3abd8e0a4a7410b8eee77397567f95a95276b1311c80f79d520a979
5	bh_ref_05_captains_cabin_v01	art/reference/originals/bh_ref_05_captains_cabin_v01.png	1672	941	2447559	aa7dd39b287ac5fb34b12f1194e5da26334417f97d106e98b7c39ef0fe8a01ab
6	bh_ref_06_engineering_bay_v01	art/reference/originals/bh_ref_06_engineering_bay_v01.png	1672	941	2499036	2d6708fb2387e2f9cb07cfde0450fef39ae7b480d0648c265d8cc85f5eb08db5
7	bh_ref_07_pursuit_zone_v01	art/reference/originals/bh_ref_07_pursuit_zone_v01.png	1672	941	2504581	785e6e02f80c632c581878d541053d8861ddaae8ceb021bcdda8f4d86d920417
8	bh_ref_08_boarding_support_v01	art/reference/originals/bh_ref_08_boarding_support_v01.png	1672	941	2591007	462a03af4a694fce7d81585df326b553602dba4a987ba9a0c323ee6087076ca6
9	bh_ref_09_glasswind_outpost_v01	art/reference/originals/bh_ref_09_glasswind_outpost_v01.png	1672	941	2757146	05dc8270f2ae77550fd0fa6582e14187db2fdccf86d692adf29ee5bc083de6e5
10	bh_ref_10_bounty_results_v01	art/reference/originals/bh_ref_10_bounty_results_v01.png	1672	941	2432473	ec00c4228cb67b0e94e82290bc6d7be299b88d3a2f141d3561039f2ae129515d
11	bh_ref_11_starmap_table_v01	art/reference/originals/bh_ref_11_starmap_table_v01.png	1672	941	2455093	1706cbdf1674dc00a54930bd99ec861e11e5946c1384d7ed8b8d73c6a3d268de
12	bh_ref_12_pilot_application_v01	art/reference/originals/bh_ref_12_pilot_application_v01.png	1672	941	2239298	6de2700698c6fd8976fa88c2259607b63ae11e14a4c161168c2c7f73373393fa
13	bh_ref_13_crew_manifest_v01	art/reference/originals/bh_ref_13_crew_manifest_v01.png	1672	941	2276985	80477f2017a2c8532cee81323f7c67a1d4e0102db9e1a43e35db360720f639b5
14	bh_ref_14_secure_detention_v01	art/reference/originals/bh_ref_14_secure_detention_v01.png	1672	941	2186095	8ae1ac5ddb77fcfb347261df2361f8cd6b2a1cfeb7853b8f3da86dadffb251a6
15	bh_ref_15_med_bay_v01	art/reference/originals/bh_ref_15_med_bay_v01.png	1672	941	2239334	2c1c7bcde886d245ebc4fbc1ea5e6b767788cfd18cf1eeaf4c8a561c3f6c8497
16	bh_ref_16_decor_catalog_v01	art/reference/originals/bh_ref_16_decor_catalog_v01.png	1672	941	2443619	635477b49a2941c8a4003cfc4e8b4073e05845f01200efdbd5daf19876f0d469
17	bh_ref_17_moonwake_relay_v01	art/reference/originals/bh_ref_17_moonwake_relay_v01.png	1672	941	2629342	3aac267973bc8d0fcab15c00281c67dcbd7ec6d2ae048376bfeb08fa28b6e13f
18	bh_ref_18_frostline_anchorage_v01	art/reference/originals/bh_ref_18_frostline_anchorage_v01.png	1672	941	2645981	0c95d289bef6d6c2effebeb50f58c8fab9e7518b0de73594a5c14c6e87a099c6
19	bh_ref_19_crash_site_v01	art/reference/originals/bh_ref_19_crash_site_v01.png	1672	941	2567891	82d867743d43f14361bd01fbdf997213178807325e9f3c341f0730e445058f25
20	bh_ref_20_title_screen_v01	art/reference/originals/bh_ref_20_title_screen_v01.png	1672	941	2575483	f2cb54dfce321b9bc9d470293866f1f7b2fb1439ef529e4cc94d279abb217ea2
